<?xml version="1.0" encoding="utf-8"?>
<extension type="module" version="3.1" client="site" method="upgrade">
	<name>mod_horizmenu</name>
	<author>Alexey Petrov</author>
	<creationDate>06.04.2014</creationDate>
	<copyright>Copyright ©. All rights reserved.</copyright>
	<license>GNU General Public License version 2 or later</license>
	<authorEmail>alexey.webmail@gmail.com</authorEmail>
	<authorUrl>https://plus.google.com/112429075996731149828</authorUrl>
	<version>1.0.1</version>
	<description>MOD_HORIZMENU_XML_DESCRIPTION</description>
	<files>
		<filename module="mod_horizmenu">mod_horizmenu.php</filename>
		<folder>tmpl</folder>
		<folder>language</folder>
		<filename>helper.php</filename>
		<filename>index.html</filename>
		<filename>mod_horizmenu.xml</filename>
	</files>
	<languages folder="language">
		<language tag="en-GB">en-GB/en-GB.mod_horizmenu.ini</language>
		<language tag="en-GB">en-GB/en-GB.mod_horizmenu.sys.ini</language>
		<language tag="ru-RU">ru-RU/ru-RU.mod_horizmenu.ini</language>
		<language tag="ru-RU">ru-RU/ru-RU.mod_horizmenu.sys.ini</language>
	</languages>
	<help key="JHELP_EXTENSIONS_MODULE_MANAGER_MENU" />
	<config>
		<fields name="params">
			<fieldset name="basic">
				<field
					name="menutype"
					type="menu"
					label="MOD_HORIZMENU_FIELD_MENUTYPE_LABEL"
					description="MOD_HORIZMENU_FIELD_MENUTYPE_DESC" />
				<field
					name="base"
					type="menuitem"
					label="MOD_HORIZMENU_FIELD_ACTIVE_LABEL"
					description="MOD_HORIZMENU_FIELD_ACTIVE_DESC"
					>
					<option value="">JCURRENT</option>
				</field>
				<field
					name="startLevel"
					type="list"
					default="1"
					label="MOD_HORIZMENU_FIELD_STARTLEVEL_LABEL"
					description="MOD_HORIZMENU_FIELD_STARTLEVEL_DESC"
				>
					<option value="1">J1</option>
					<option value="2">J2</option>
					<option value="3">J3</option>
					<option value="4">J4</option>
					<option value="5">J5</option>
					<option value="6">J6</option>
					<option value="7">J7</option>
					<option value="8">J8</option>
					<option value="9">J9</option>
					<option value="10">J10</option>
				</field>

				<field
					name="endLevel"
					type="list"
					default="0"
					label="MOD_HORIZMENU_FIELD_ENDLEVEL_LABEL"
					description="MOD_HORIZMENU_FIELD_ENDLEVEL_DESC"
					>
					<option value="0">JALL</option>
					<option value="1">J1</option>
					<option value="2">J2</option>
					<option value="3">J3</option>
					<option value="4">J4</option>
					<option value="5">J5</option>
					<option value="6">J6</option>
					<option value="7">J7</option>
					<option value="8">J8</option>
					<option value="9">J9</option>
					<option value="10">J10</option>
				</field>
				
				<field
					name="dropWidth"
					type="text"
					required="true"
					label="MOD_HORIZMENU_FIELD_DROPWIDTH_LABEL"
					description="MOD_HORIZMENU_FIELD_DROPNWIDTH_DESC" />
			</fieldset>

			<fieldset
				name="advanced">
				<field
					name="tag_id"
					type="text"
					label="MOD_HORIZMENU_FIELD_TAG_ID_LABEL"
					description="MOD_HORIZMENU_FIELD_TAG_ID_DESC" />

				<field
					name="class_sfx"
					type="text"
					label="MOD_HORIZMENU_FIELD_CLASS_LABEL"
					description="MOD_HORIZMENU_FIELD_CLASS_DESC" />

				<field
					name="window_open"
					type="text"
					label="MOD_HORIZMENU_FIELD_TARGET_LABEL"
					description="MOD_HORIZMENU_FIELD_TARGET_DESC" />

				<field
					name="layout"
					type="modulelayout"
					label="JFIELD_ALT_LAYOUT_LABEL"
					description="JFIELD_ALT_MODULE_LAYOUT_DESC" />

				<field
					name="moduleclass_sfx"
					type="textarea" rows="3"
					label="COM_MODULES_FIELD_MODULECLASS_SFX_LABEL"
					description="COM_MODULES_FIELD_MODULECLASS_SFX_DESC" />

				<field
					name="cache"
					type="list"
					default="1"
					label="COM_MODULES_FIELD_CACHING_LABEL"
					description="COM_MODULES_FIELD_CACHING_DESC">
					<option
						value="1">JGLOBAL_USE_GLOBAL</option>
					<option
						value="0">COM_MODULES_FIELD_VALUE_NOCACHING</option>
				</field>
				<field
					name="cache_time"
					type="text"
					default="900"
					label="COM_MODULES_FIELD_CACHE_TIME_LABEL"
					description="COM_MODULES_FIELD_CACHE_TIME_DESC" />
				<field
					name="cachemode"
					type="hidden"
					default="itemid">
					<option
						value="itemid"></option>
				</field>
			</fieldset>
		</fields>
	</config>
</extension>
